theta_deg,O_x,O_y,G_x,G_y,J1_x,J1_y,J2_x,J2_y,J3_x,J3_y,J4_x,J4_y,J5_x,J5_y,F_x,F_y
0.0000,0.000000,0.000000,-38.000000,-7.800000,15.000000,0.000000,-24.013535,31.272097,-74.794365,8.143170,-26.952107,-45.515170,-59.231515,-28.052930,-43.160111,-91.756933
5.0000,0.000000,0.000000,-38.000000,-7.800000,14.942920,1.307336,-24.862116,31.565543,-75.130677,7.343409,-25.912338,-45.194899,-58.540616,-28.393545,-41.175417,-91.757098
10.0000,0.000000,0.000000,-38.000000,-7.800000,14.772116,2.604723,-25.776471,31.858988,-75.471124,6.480227,-24.949210,-44.869757,-57.948171,-28.808668,-39.158111,-91.764396
15.0000,0.000000,0.000000,-38.000000,-7.800000,14.488887,3.882286,-26.755217,32.147526,-75.810889,5.554650,-24.063769,-44.546040,-57.449583,-29.305391,-37.109378,-91.777513
20.0000,0.000000,0.000000,-38.000000,-7.800000,14.095389,5.130302,-27.796596,32.426118,-76.145002,4.568056,-23.256864,-44.229795,-57.039236,-29.889595,-35.031653,-91.794008
25.0000,0.000000,0.000000,-38.000000,-7.800000,13.594617,6.339274,-28.898418,32.689643,-76.468390,3.522233,-22.529231,-43.926795,-56.710716,-30.565804,-32.928826,-91.810491
30.0000,0.000000,0.000000,-38.000000,-7.800000,12.990381,7.500000,-30.058011,32.932970,-76.775934,2.419438,-21.881568,-43.642519,-56.457093,-31.337113,-30.806350,-91.822891
35.0000,0.000000,0.000000,-38.000000,-7.800000,12.287281,8.603647,-31.272176,33.151024,-77.062543,1.262433,-21.314630,-43.382136,-56.271262,-32.205202,-28.671237,-91.826747
40.0000,0.000000,0.000000,-38.000000,-7.800000,11.490667,9.641814,-32.537156,33.338879,-77.323229,0.054533,-20.829322,-43.150499,-56.146285,-33.170413,-26.531995,-91.817526
45.0000,0.000000,0.000000,-38.000000,-7.800000,10.606602,10.606602,-33.848611,33.491839,-77.553191,-1.200374,-20.426797,-42.952134,-56.075735,-34.231857,-24.398517,-91.790904
50.0000,0.000000,0.000000,-38.000000,-7.800000,9.641814,11.490667,-35.201605,33.605543,-77.747914,-2.497803,-20.108565,-42.791236,-56.054014,-35.387538,-22.281974,-91.743011
55.0000,0.000000,0.000000,-38.000000,-7.800000,8.603647,12.287281,-36.590602,33.676061,-77.903261,-3.832661,-19.876608,-42.671660,-56.076640,-36.634469,-20.194731,-91.670627
60.0000,0.000000,0.000000,-38.000000,-7.800000,7.500000,12.990381,-38.009469,33.699999,-78.015573,-5.199250,-19.733496,-42.596908,-56.140505,-37.968769,-18.150295,-91.571325
65.0000,0.000000,0.000000,-38.000000,-7.800000,6.339274,13.594617,-39.451488,33.674609,-78.081778,-6.591266,-19.682526,-42.570104,-56.244114,-39.385723,-16.163306,-91.443564
70.0000,0.000000,0.000000,-38.000000,-7.800000,5.130302,14.095389,-40.909380,33.597893,-78.099492,-8.001814,-19.727866,-42.593952,-56.387813,-40.879816,-14.249574,-91.286748
75.0000,0.000000,0.000000,-38.000000,-7.800000,3.882286,14.488887,-42.375322,33.468712,-78.067125,-9.423423,-19.874708,-42.670672,-56.574012,-42.444721,-12.426146,-91.101230
80.0000,0.000000,0.000000,-38.000000,-7.800000,2.604723,14.772116,-43.840976,33.286896,-77.983988,-10.848065,-20.129443,-42.801903,-56.807416,-44.073248,-10.711409,-90.888290
85.0000,0.000000,0.000000,-38.000000,-7.800000,1.307336,14.942920,-45.297517,33.053351,-77.850400,-12.267173,-20.499852,-42.988561,-57.095267,-45.757238,-9.125223,-90.650053
90.0000,0.000000,0.000000,-38.000000,-7.800000,0.000000,15.000000,-46.735652,32.770166,-77.667791,-13.671655,-20.995301,-43.230639,-57.447599,-47.487389,-7.689066,-90.389351
95.0000,0.000000,0.000000,-38.000000,-7.800000,-1.307336,14.942920,-48.145641,32.440725,-77.438811,-15.051908,-21.626954,-43.526928,-57.877499,-49.253005,-6.426203,-90.109512
100.0000,0.000000,0.000000,-38.000000,-7.800000,-2.604723,14.772116,-49.517298,32.069811,-77.167432,-16.397808,-22.407982,-43.874631,-58.401370,-51.041638,-5.361849,-89.814040
105.0000,0.000000,0.000000,-38.000000,-7.800000,-3.882286,14.488887,-50.839982,31.663716,-76.859049,-17.698701,-23.353748,-44.268854,-59.039173,-52.838593,-4.523316,-89.506170
110.0000,0.000000,0.000000,-38.000000,-7.800000,-5.130302,14.095389,-52.102564,31.230343,-76.520587,-18.943356,-24.481940,-44.701925,-59.814607,-54.626269,-3.940110,-89.188251
115.0000,0.000000,0.000000,-38.000000,-7.800000,-6.339274,13.594617,-53.293362,30.779309,-76.160580,-20.119908,-25.812592,-45.162509,-60.755173,-56.383298,-3.643923,-88.860909
120.0000,0.000000,0.000000,-38.000000,-7.800000,-7.500000,12.990381,-54.400045,30.322021,-75.789254,-21.215749,-27.367918,-45.634493,-61.892020,-58.083444,-3.668422,-88.521949
125.0000,0.000000,0.000000,-38.000000,-7.800000,-8.603647,12.287281,-55.409490,29.871736,-75.418563,-22.217389,-29.171807,-46.095600,-63.259437,-59.694258,-4.048714,-88.164951
130.0000,0.000000,0.000000,-38.000000,-7.800000,-9.641814,11.490667,-56.307580,29.443556,-75.062186,-23.110271,-31.248812,-46.515778,-64.893753,-61.175517,-4.820275,-87.777533
135.0000,0.000000,0.000000,-38.000000,-7.800000,-10.606602,10.606602,-57.078966,29.054349,-74.735417,-23.878530,-33.622365,-46.855426,-66.831377,-62.477573,-6.017044,-87.339327
140.0000,0.000000,0.000000,-38.000000,-7.800000,-11.490667,9.641814,-57.706758,28.722510,-74.454933,-24.504726,-36.311861,-47.063726,-69.105550,-63.539891,-7.668304,-86.819815
145.0000,0.000000,0.000000,-38.000000,-7.800000,-12.287281,8.603647,-58.172215,28.467502,-74.238323,-24.969565,-39.328262,-47.077547,-71.741360,-64.290364,-9.793868,-86.176391
150.0000,0.000000,0.000000,-38.000000,-7.800000,-12.990381,7.500000,-58.454461,28.309071,-74.103311,-25.251674,-42.667838,-46.821805,-74.748583,-64.646390,-12.397067,-85.353356
155.0000,0.000000,0.000000,-38.000000,-7.800000,-13.594617,6.339274,-58.530343,28.265981,-74.066535,-25.327551,-46.303975,-46.212680,-78.112113,-64.519302,-15.455248,-84.283089
160.0000,0.000000,0.000000,-38.000000,-7.800000,-14.095389,5.130302,-58.374638,28.354171,-74.141777,-25.171872,-50.177487,-45.165744,-81.780464,-63.824304,-18.908083,-82.891391
165.0000,0.000000,0.000000,-38.000000,-7.800000,-14.488887,3.882286,-57.960865,28.584253,-74.337604,-24.758435,-54.187006,-43.611602,-85.654195,-62.498265,-22.645543,-81.110083
170.0000,0.000000,0.000000,-38.000000,-7.800000,-14.772116,2.604723,-57.263062,28.958461,-74.654537,-24.062069,-58.182578,-41.521707,-89.578797,-60.526113,-26.500868,-78.901772
175.0000,0.000000,0.000000,-38.000000,-7.800000,-14.942920,1.307336,-56.258864,29.467464,-75.082174,-23.061794,-61.967480,-38.945624,-93.351536,-57.970109,-30.261866,-76.305416
180.0000,0.000000,0.000000,-38.000000,-7.800000,-15.000000,0.000000,-54.933935,30.087885,-75.597071,-21.745259,-65.315069,-36.055566,-96.760126,-54.979053,-33.729730,-73.517097
185.0000,0.000000,0.000000,-38.000000,-7.800000,-14.942920,-1.307336,-53.287331,30.781699,-76.162505,-20.113943,-68.008309,-33.176986,-99.672961,-51.730687,-36.864129,-71.006076
190.0000,0.000000,0.000000,-38.000000,-7.800000,-14.772116,-2.604723,-51.336549,31.498683,-76.731150,-18.187877,-69.904752,-30.747261,-102.130646,-48.308064,-39.951102,-69.525849
195.0000,0.000000,0.000000,-38.000000,-7.800000,-14.488887,-3.882286,-49.120437,32.182320,-77.250956,-16.008073,-71.001154,-29.140427,-104.228589,-44.723353,-43.443652,-69.656893
200.0000,0.000000,0.000000,-38.000000,-7.800000,-14.095389,-5.130302,-46.698226,32.778207,-77.673191,-13.635062,-71.429401,-28.463134,-105.862381,-41.161950,-47.419727,-71.177717
205.0000,0.000000,0.000000,-38.000000,-7.800000,-13.594617,-6.339274,-44.144090,33.242663,-77.960400,-11.143114,-71.367780,-28.562497,-106.851521,-37.932350,-51.525081,-73.365033
210.0000,0.000000,0.000000,-38.000000,-7.800000,-12.990381,-7.500000,-41.538404,33.548878,-78.091790,-8.611412,-70.961477,-29.201659,-107.168032,-35.199607,-55.411590,-75.668863
215.0000,0.000000,0.000000,-38.000000,-7.800000,-12.287281,-8.603647,-38.958190,33.688937,-78.064571,-6.114719,-70.305058,-30.180198,-106.899275,-32.964669,-58.909859,-77.836776
220.0000,0.000000,0.000000,-38.000000,-7.800000,-11.490667,-9.641814,-36.469339,33.671762,-77.891490,-3.716008,-69.456157,-31.358442,-106.155652,-31.165911,-61.963494,-79.782196
225.0000,0.000000,0.000000,-38.000000,-7.800000,-10.606602,-10.606602,-34.122168,33.518427,-77.596032,-1.462470,-68.450784,-32.644311,-105.035433,-29.736827,-64.561646,-81.489726
230.0000,0.000000,0.000000,-38.000000,-7.800000,-9.641814,-11.490667,-31.950408,33.256698,-77.207089,0.615116,-67.313105,-33.976934,-103.620090,-28.620365,-66.711350,-82.973239
235.0000,0.000000,0.000000,-38.000000,-7.800000,-8.603647,-12.287281,-29.972782,32.916259,-76.754462,2.500566,-66.060865,-35.315048,-101.976558,-27.768328,-68.429109,-84.257784
240.0000,0.000000,0.000000,-38.000000,-7.800000,-7.500000,-12.990381,-28.195943,32.525308,-76.265758,4.189237,-64.708283,-36.629804,-100.159770,-27.138645,-69.737981,-85.370979
245.0000,0.000000,0.000000,-38.000000,-7.800000,-6.339274,-13.594617,-26.617775,32.108582,-75.764695,5.684725,-63.267615,-37.900459,-98.214677,-26.693636,-70.665647,-86.338761
250.0000,0.000000,0.000000,-38.000000,-7.800000,-5.130302,-14.095389,-25.230407,31.686548,-75.270513,6.995907,-61.750001,-39.111778,-96.177937,-26.399296,-71.242608,-87.183500
255.0000,0.000000,0.000000,-38.000000,-7.800000,-3.882286,-14.488887,-24.022643,31.275356,-74.798081,8.134593,-60.165933,-40.252449,-94.079413,-26.225124,-71.500565,-87.923468
260.0000,0.000000,0.000000,-38.000000,-7.800000,-2.604723,-14.772116,-22.981755,30.887237,-74.358389,9.113826,-58.525507,-41.314080,-91.943507,-26.144132,-71.471113,-88.573061
265.0000,0.000000,0.000000,-38.000000,-7.800000,-1.307336,-14.942920,-22.094714,30.531082,-73.959194,9.946728,-56.838558,-42.290560,-89.790315,-26.132846,-71.184809,-89.143362
270.0000,0.000000,0.000000,-38.000000,-7.800000,-0.000000,-15.000000,-21.348972,30.213067,-73.605660,10.645785,-55.114709,-43.177630,-87.636587,-26.171237,-70.670563,-89.642837
275.0000,0.000000,0.000000,-38.000000,-7.800000,1.307336,-14.942920,-20.732919,29.937222,-73.300943,11.222446,-53.363390,-43.972590,-85.496502,-26.242583,-69.955287,-90.078001
280.0000,0.000000,0.000000,-38.000000,-7.800000,2.604723,-14.772116,-20.236115,29.705925,-73.046679,11.686926,-51.593824,-44.674082,-83.382262,-26.333276,-69.063727,-90.454018
285.0000,0.000000,0.000000,-38.000000,-7.800000,3.882286,-14.488887,-19.849371,29.520299,-72.843374,12.048157,-49.814994,-45.281941,-81.304552,-26.432598,-68.018419,-90.775186
290.0000,0.000000,0.000000,-38.000000,-7.800000,5.130302,-14.095389,-19.564741,29.380522,-72.690699,12.313812,-48.035609,-45.797060,-79.272867,-26.532489,-66.839708,-91.045329
295.0000,0.000000,0.000000,-38.000000,-7.800000,6.339274,-13.594617,-19.375452,29.286065,-72.587718,12.490387,-46.264056,-46.221288,-77.295752,-26.627313,-65.545818,-91.268082
300.0000,0.000000,0.000000,-38.000000,-7.800000,7.500000,-12.990381,-19.275818,29.235861,-72.533045,12.583298,-44.508359,-46.557338,-75.380962,-26.713640,-64.152926,-91.447103
305.0000,0.000000,0.000000,-38.000000,-7.800000,8.603647,-12.287281,-19.261129,29.228431,-72.524956,12.596995,-42.776133,-46.808698,-73.535576,-26.790042,-62.675244,-91.586208
310.0000,0.000000,0.000000,-38.000000,-7.800000,9.641814,-11.490667,-19.327535,29.261963,-72.561464,12.535073,-41.074545,-46.979550,-71.766056,-26.856897,-61.125101,-91.689451
315.0000,0.000000,0.000000,-38.000000,-7.800000,10.606602,-10.606602,-19.471946,29.334367,-72.640359,12.400384,-39.410282,-47.074688,-70.078285,-26.916226,-59.513008,-91.761156
320.0000,0.000000,0.000000,-38.000000,-7.800000,11.490667,-9.641814,-19.691913,29.443307,-72.759235,12.195139,-37.789517,-47.099436,-68.477579,-26.971523,-57.847735,-91.805900
325.0000,0.000000,0.000000,-38.000000,-7.800000,12.287281,-8.603647,-19.985534,29.586214,-72.915493,11.921012,-36.217891,-47.059573,-66.968672,-27.027612,-56.136371,-91.828470
330.0000,0.000000,0.000000,-38.000000,-7.800000,12.990381,-7.500000,-20.351350,29.760287,-73.106343,11.579233,-34.700498,-46.961247,-65.555694,-27.090493,-54.384410,-91.833773
335.0000,0.000000,0.000000,-38.000000,-7.800000,13.594617,-6.339274,-20.788254,29.962492,-73.328789,11.170680,-33.241881,-46.810900,-64.242119,-27.167192,-52.595848,-91.826719
340.0000,0.000000,0.000000,-38.000000,-7.800000,14.095389,-5.130302,-21.295397,30.189554,-73.579619,10.695964,-31.846034,-46.615186,-63.030702,-27.265600,-50.773315,-91.812067
345.0000,0.000000,0.000000,-38.000000,-7.800000,14.488887,-3.882286,-21.872100,30.437950,-73.855395,10.155519,-30.516419,-46.380902,-61.923396,-27.394280,-48.918257,-91.794252
350.0000,0.000000,0.000000,-38.000000,-7.800000,14.772116,-2.604723,-22.517768,30.703902,-74.152436,9.549680,-29.255985,-46.114908,-60.921251,-27.562256,-47.031177,-91.777175
355.0000,0.000000,0.000000,-38.000000,-7.800000,14.942920,-1.307336,-23.231806,30.983379,-74.466816,8.878769,-28.067204,-45.824066,-60.024312,-27.778755,-45.111934,-91.763996
